<?xml version="1.0" encoding="UTF-8"?>
<!DOCTYPE mapper PUBLIC "-//mybatis.org//DTD Mapper 3.0//EN" "http://mybatis.org/dtd/mybatis-3-mapper.dtd">
<mapper namespace="com.management.app.core.mapper.AccountMapper">

    <resultMap id="accountMap" type="Account">
        <result column="id" property="id"/>
        <result column="username" property="username"/>
        <result column="password" property="password"/>
    </resultMap>

    <!--使用嵌套查询，可避免n+1问题-->
    <select id="selectAccount" resultMap="accountMap">
        select *
        from user
        <where>
            <if test="_parameter != null">and username = #{_parameter}</if>
        </where>
    </select>



</mapper>
